sample,truth,method,fg_pixels,fg_ratio,n_components,span_ratio,largest_cc_ratio,contrast,decision
p1_dekan.png,PRESENT,global,27482,0.0862,4,0.899,0.946,61.5,SIGNATURE PRESENT
p1_rektor.png,PRESENT,global,9831,0.0412,2,0.877,0.713,69.2,SIGNATURE PRESENT
p2_dekan.png,PRESENT,global,15893,0.0498,15,0.737,0.402,151.6,SIGNATURE PRESENT
p2_rektor.png,PRESENT,global,7230,0.0303,2,0.875,0.737,166.2,SIGNATURE PRESENT
p3_dekan.png,PRESENT,global,16723,0.0524,10,0.737,0.812,153.2,SIGNATURE PRESENT
p3_rektor.png,PRESENT,global,7364,0.0309,2,0.875,0.734,167.8,SIGNATURE PRESENT
p4_dekan.png,PRESENT,global,18963,0.0594,12,0.898,0.787,176.5,SIGNATURE PRESENT
p4_rektor.png,PRESENT,global,7941,0.0333,2,0.876,0.727,193.2,SIGNATURE PRESENT
p5_dekan.png,PRESENT,global,7152,0.0224,18,0.729,0.289,138.5,SIGNATURE ABSENT
p5_rektor.png,PRESENT,global,3726,0.0156,8,0.702,0.736,143.0,SIGNATURE PRESENT
p6_dekan.png,PRESENT,global,13393,0.042,13,0.735,0.368,153.0,SIGNATURE PRESENT
p6_rektor.png,PRESENT,global,6821,0.0286,3,0.874,0.69,164.4,SIGNATURE PRESENT
p7_dekan.png,PRESENT,global,15680,0.0492,14,0.735,0.4,159.3,SIGNATURE PRESENT
p7_rektor.png,PRESENT,global,7138,0.0299,2,0.875,0.737,174.0,SIGNATURE PRESENT
p8_dekan.png,PRESENT,global,20633,0.0647,13,0.898,0.78,95.0,SIGNATURE PRESENT
p8_rektor.png,PRESENT,global,8612,0.0361,2,0.876,0.723,104.0,SIGNATURE PRESENT
p1_blank_kanan_atas.png,ABSENT,global,0,0.0,0,0.0,0.0,0.0,SIGNATURE ABSENT
p1_blank_kiri_atas.png,ABSENT,global,0,0.0,0,0.0,0.0,0.0,SIGNATURE ABSENT
p1_dekan_inpaint.png,ABSENT,global,0,0.0,0,0.0,0.0,0.0,SIGNATURE ABSENT
p1_rektor_inpaint.png,ABSENT,global,0,0.0,0,0.0,0.0,0.0,SIGNATURE ABSENT
p1_text_isi.png,ABSENT,global,34952,0.1475,33,0.894,0.081,61.3,SIGNATURE ABSENT
p1_text_nama_rektor.png,ABSENT,global,17039,0.0708,28,0.988,0.121,54.5,SIGNATURE ABSENT
p2_blank_kanan_atas.png,ABSENT,global,0,0.0,0,0.0,0.0,0.0,SIGNATURE ABSENT
p2_blank_kiri_atas.png,ABSENT,global,0,0.0,0,0.0,0.0,0.0,SIGNATURE ABSENT
p2_dekan_inpaint.png,ABSENT,global,0,0.0,0,0.0,0.0,0.0,SIGNATURE ABSENT
p2_rektor_inpaint.png,ABSENT,global,0,0.0,0,0.0,0.0,0.0,SIGNATURE ABSENT
p2_text_isi.png,ABSENT,global,21157,0.0893,76,0.892,0.066,149.7,SIGNATURE ABSENT
p2_text_nama_rektor.png,ABSENT,global,7054,0.0293,58,0.985,0.043,139.3,SIGNATURE ABSENT
p3_blank_kanan_atas.png,ABSENT,global,0,0.0,0,0.0,0.0,0.0,SIGNATURE ABSENT
p3_blank_kiri_atas.png,ABSENT,global,0,0.0,0,0.0,0.0,0.0,SIGNATURE ABSENT
p3_dekan_inpaint.png,ABSENT,global,0,0.0,0,0.0,0.0,0.0,SIGNATURE ABSENT
p3_rektor_inpaint.png,ABSENT,global,0,0.0,0,0.0,0.0,0.0,SIGNATURE ABSENT
p3_text_isi.png,ABSENT,global,22106,0.0933,76,0.893,0.064,151.5,SIGNATURE ABSENT
p3_text_nama_rektor.png,ABSENT,global,7682,0.0319,59,0.986,0.042,141.6,SIGNATURE ABSENT
p4_blank_kanan_atas.png,ABSENT,global,0,0.0,0,0.0,0.0,0.0,SIGNATURE ABSENT
p4_blank_kiri_atas.png,ABSENT,global,0,0.0,0,0.0,0.0,0.0,SIGNATURE ABSENT
p4_dekan_inpaint.png,ABSENT,global,0,0.0,0,0.0,0.0,0.0,SIGNATURE ABSENT
p4_rektor_inpaint.png,ABSENT,global,0,0.0,0,0.0,0.0,0.0,SIGNATURE ABSENT
p4_text_isi.png,ABSENT,global,24962,0.1053,61,0.893,0.067,174.9,SIGNATURE ABSENT
p4_text_nama_rektor.png,ABSENT,global,9749,0.0405,56,0.986,0.056,162.5,SIGNATURE ABSENT
p5_blank_kanan_atas.png,ABSENT,global,0,0.0,0,0.0,0.0,0.0,SIGNATURE ABSENT
p5_blank_kiri_atas.png,ABSENT,global,0,0.0,0,0.0,0.0,0.0,SIGNATURE ABSENT
p5_dekan_inpaint.png,ABSENT,global,0,0.0,0,0.0,0.0,0.0,SIGNATURE ABSENT
p5_rektor_inpaint.png,ABSENT,global,0,0.0,0,0.0,0.0,0.0,SIGNATURE ABSENT
p5_text_isi.png,ABSENT,global,10129,0.0427,48,0.622,0.118,135.6,SIGNATURE ABSENT
p5_text_nama_rektor.png,ABSENT,global,50,0.0002,1,0.011,1.0,119.5,SIGNATURE ABSENT
p6_blank_kanan_atas.png,ABSENT,global,0,0.0,0,0.0,0.0,0.0,SIGNATURE ABSENT
p6_blank_kiri_atas.png,ABSENT,global,0,0.0,0,0.0,0.0,0.0,SIGNATURE ABSENT
p6_dekan_inpaint.png,ABSENT,global,0,0.0,0,0.0,0.0,0.0,SIGNATURE ABSENT
p6_rektor_inpaint.png,ABSENT,global,0,0.0,0,0.0,0.0,0.0,SIGNATURE ABSENT
p6_text_isi.png,ABSENT,global,17887,0.0755,79,0.892,0.075,151.0,SIGNATURE ABSENT
p6_text_nama_rektor.png,ABSENT,global,4667,0.0194,48,0.966,0.054,139.3,SIGNATURE ABSENT
p7_blank_kanan_atas.png,ABSENT,global,0,0.0,0,0.0,0.0,0.0,SIGNATURE ABSENT
p7_blank_kiri_atas.png,ABSENT,global,0,0.0,0,0.0,0.0,0.0,SIGNATURE ABSENT
p7_dekan_inpaint.png,ABSENT,global,0,0.0,0,0.0,0.0,0.0,SIGNATURE ABSENT
p7_rektor_inpaint.png,ABSENT,global,0,0.0,0,0.0,0.0,0.0,SIGNATURE ABSENT
p7_text_isi.png,ABSENT,global,20729,0.0875,78,0.892,0.066,157.3,SIGNATURE ABSENT
p7_text_nama_rektor.png,ABSENT,global,6895,0.0287,59,0.985,0.044,147.5,SIGNATURE ABSENT
p8_blank_kanan_atas.png,ABSENT,global,0,0.0,0,0.0,0.0,0.0,SIGNATURE ABSENT
p8_blank_kiri_atas.png,ABSENT,global,0,0.0,0,0.0,0.0,0.0,SIGNATURE ABSENT
p8_dekan_inpaint.png,ABSENT,global,0,0.0,0,0.0,0.0,0.0,SIGNATURE ABSENT
p8_rektor_inpaint.png,ABSENT,global,0,0.0,0,0.0,0.0,0.0,SIGNATURE ABSENT
p8_text_isi.png,ABSENT,global,26891,0.1135,54,0.893,0.068,94.6,SIGNATURE ABSENT
p8_text_nama_rektor.png,ABSENT,global,10761,0.0447,54,0.986,0.057,85.3,SIGNATURE ABSENT
p1_dekan.png,PRESENT,otsu,27482,0.0862,4,0.899,0.946,61.5,SIGNATURE PRESENT
p1_rektor.png,PRESENT,otsu,9383,0.0393,2,0.876,0.716,71.3,SIGNATURE PRESENT
p2_dekan.png,PRESENT,otsu,26981,0.0846,4,0.899,0.948,128.1,SIGNATURE PRESENT
p2_rektor.png,PRESENT,otsu,9217,0.0386,2,0.876,0.718,149.8,SIGNATURE PRESENT
p3_dekan.png,PRESENT,otsu,27467,0.0861,4,0.899,0.947,130.6,SIGNATURE PRESENT
p3_rektor.png,PRESENT,otsu,9365,0.0393,2,0.876,0.716,151.2,SIGNATURE PRESENT
p4_dekan.png,PRESENT,otsu,27480,0.0861,5,0.899,0.945,154.2,SIGNATURE PRESENT
p4_rektor.png,PRESENT,otsu,9327,0.0391,2,0.876,0.716,179.0,SIGNATURE PRESENT
p5_dekan.png,PRESENT,otsu,36114,0.1132,4,0.901,0.993,91.6,SIGNATURE PRESENT
p5_rektor.png,PRESENT,otsu,12778,0.0536,2,0.878,0.707,105.7,SIGNATURE PRESENT
p6_dekan.png,PRESENT,otsu,29358,0.092,3,0.9,0.992,121.4,SIGNATURE PRESENT
p6_rektor.png,PRESENT,otsu,10026,0.042,2,0.876,0.714,141.6,SIGNATURE PRESENT
p7_dekan.png,PRESENT,otsu,27563,0.0864,4,0.899,0.947,133.7,SIGNATURE PRESENT
p7_rektor.png,PRESENT,otsu,9386,0.0394,2,0.876,0.716,155.4,SIGNATURE PRESENT
p8_dekan.png,PRESENT,otsu,28667,0.0899,4,0.9,0.991,83.6,SIGNATURE PRESENT
p8_rektor.png,PRESENT,otsu,9855,0.0413,2,0.876,0.714,97.5,SIGNATURE PRESENT
p1_blank_kanan_atas.png,ABSENT,otsu,32818,0.1376,123,1.0,0.353,1.3,SIGNATURE ABSENT
p1_blank_kiri_atas.png,ABSENT,otsu,48741,0.2041,123,1.0,0.285,1.4,SIGNATURE ABSENT
p1_dekan_inpaint.png,ABSENT,otsu,64053,0.2008,181,1.0,0.315,1.6,SIGNATURE ABSENT
p1_rektor_inpaint.png,ABSENT,otsu,98983,0.4151,71,1.0,0.691,1.5,SIGNATURE ABSENT
p1_text_isi.png,ABSENT,otsu,34221,0.1444,33,0.894,0.08,62.1,SIGNATURE ABSENT
p1_text_nama_rektor.png,ABSENT,otsu,18736,0.0779,27,0.988,0.165,52.0,SIGNATURE ABSENT
p2_blank_kanan_atas.png,ABSENT,otsu,136879,0.574,16,1.0,0.972,4.0,SIGNATURE ABSENT
p2_blank_kiri_atas.png,ABSENT,otsu,150828,0.6317,5,1.0,0.998,4.0,SIGNATURE ABSENT
p2_dekan_inpaint.png,ABSENT,otsu,184280,0.5777,7,1.0,0.993,3.9,SIGNATURE ABSENT
p2_rektor_inpaint.png,ABSENT,otsu,177713,0.7452,3,1.0,0.999,3.9,SIGNATURE ABSENT
p2_text_isi.png,ABSENT,otsu,33442,0.1411,35,0.894,0.086,129.8,SIGNATURE ABSENT
p2_text_nama_rektor.png,ABSENT,otsu,18564,0.0772,27,0.988,0.166,106.7,SIGNATURE ABSENT
p3_blank_kanan_atas.png,ABSENT,otsu,125760,0.5273,59,1.0,0.931,2.2,SIGNATURE ABSENT
p3_blank_kiri_atas.png,ABSENT,otsu,143659,0.6017,38,1.0,0.844,2.2,SIGNATURE ABSENT
p3_dekan_inpaint.png,ABSENT,otsu,90486,0.2837,173,1.0,0.365,2.8,SIGNATURE ABSENT
p3_rektor_inpaint.png,ABSENT,otsu,118980,0.4989,70,1.0,0.91,2.8,SIGNATURE ABSENT
p3_text_isi.png,ABSENT,otsu,34075,0.1438,33,0.894,0.081,131.7,SIGNATURE ABSENT
p3_text_nama_rektor.png,ABSENT,otsu,18916,0.0786,27,0.988,0.164,109.5,SIGNATURE ABSENT
p4_blank_kanan_atas.png,ABSENT,otsu,167341,0.7017,23,1.0,0.972,2.7,SIGNATURE ABSENT
p4_blank_kiri_atas.png,ABSENT,otsu,110025,0.4608,106,1.0,0.802,2.8,SIGNATURE ABSENT
p4_dekan_inpaint.png,ABSENT,otsu,160607,0.5035,62,1.0,0.938,2.9,SIGNATURE ABSENT
p4_rektor_inpaint.png,ABSENT,otsu,101075,0.4238,95,1.0,0.892,3.3,SIGNATURE ABSENT
p4_text_isi.png,ABSENT,otsu,33982,0.1434,33,0.894,0.08,155.9,SIGNATURE ABSENT
p4_text_nama_rektor.png,ABSENT,otsu,18746,0.0779,27,0.988,0.165,130.6,SIGNATURE ABSENT
p5_blank_kanan_atas.png,ABSENT,otsu,152136,0.6379,18,1.0,0.981,1.9,SIGNATURE ABSENT
p5_blank_kiri_atas.png,ABSENT,otsu,183668,0.7693,6,1.0,0.994,1.9,SIGNATURE ABSENT
p5_dekan_inpaint.png,ABSENT,otsu,2179,0.0068,13,0.743,0.341,24.0,SIGNATURE ABSENT
p5_rektor_inpaint.png,ABSENT,otsu,40955,0.1717,62,1.0,0.629,2.6,SIGNATURE ABSENT
p5_text_isi.png,ABSENT,otsu,44799,0.189,24,0.894,0.182,93.5,SIGNATURE ABSENT
p5_text_nama_rektor.png,ABSENT,otsu,28690,0.1193,22,1.0,0.251,69.7,SIGNATURE ABSENT
p6_blank_kanan_atas.png,ABSENT,otsu,167333,0.7017,22,1.0,0.966,2.3,SIGNATURE ABSENT
p6_blank_kiri_atas.png,ABSENT,otsu,104145,0.4362,109,1.0,0.808,2.2,SIGNATURE ABSENT
p6_dekan_inpaint.png,ABSENT,otsu,778,0.0024,7,0.361,0.329,31.9,SIGNATURE ABSENT
p6_rektor_inpaint.png,ABSENT,otsu,87855,0.3684,85,1.0,0.852,2.8,SIGNATURE ABSENT
p6_text_isi.png,ABSENT,otsu,36500,0.154,32,0.894,0.1,122.1,SIGNATURE ABSENT
p6_text_nama_rektor.png,ABSENT,otsu,21128,0.0878,27,0.989,0.256,98.5,SIGNATURE ABSENT
p7_blank_kanan_atas.png,ABSENT,otsu,119005,0.499,53,1.0,0.911,2.3,SIGNATURE ABSENT
p7_blank_kiri_atas.png,ABSENT,otsu,137145,0.5744,29,1.0,0.786,2.4,SIGNATURE ABSENT
p7_dekan_inpaint.png,ABSENT,otsu,106383,0.3335,155,1.0,0.572,3.1,SIGNATURE ABSENT
p7_rektor_inpaint.png,ABSENT,otsu,114976,0.4821,89,1.0,0.895,3.1,SIGNATURE ABSENT
p7_text_isi.png,ABSENT,otsu,34196,0.1443,34,0.894,0.08,135.2,SIGNATURE ABSENT
p7_text_nama_rektor.png,ABSENT,otsu,18936,0.0787,27,0.989,0.165,112.5,SIGNATURE ABSENT
p8_blank_kanan_atas.png,ABSENT,otsu,155671,0.6528,23,1.0,0.964,1.7,SIGNATURE ABSENT
p8_blank_kiri_atas.png,ABSENT,otsu,170633,0.7147,5,1.0,0.996,1.7,SIGNATURE ABSENT
p8_dekan_inpaint.png,ABSENT,otsu,74423,0.2333,253,1.0,0.182,2.4,SIGNATURE ABSENT
p8_rektor_inpaint.png,ABSENT,otsu,95510,0.4005,100,1.0,0.797,2.1,SIGNATURE ABSENT
p8_text_isi.png,ABSENT,otsu,35433,0.1495,34,0.894,0.082,84.5,SIGNATURE ABSENT
p8_text_nama_rektor.png,ABSENT,otsu,20525,0.0853,26,0.989,0.257,67.6,SIGNATURE ABSENT
p1_dekan.png,PRESENT,adaptive,26284,0.0824,4,0.9,0.955,62.6,SIGNATURE PRESENT
p1_rektor.png,PRESENT,adaptive,9206,0.0386,2,0.877,0.7,71.8,SIGNATURE PRESENT
p2_dekan.png,PRESENT,adaptive,29040,0.091,5,0.901,0.95,121.9,SIGNATURE PRESENT
p2_rektor.png,PRESENT,adaptive,9873,0.0414,2,0.878,0.697,143.0,SIGNATURE PRESENT
p3_dekan.png,PRESENT,adaptive,29400,0.0922,4,0.901,0.952,124.8,SIGNATURE PRESENT
p3_rektor.png,PRESENT,adaptive,9935,0.0417,2,0.878,0.697,145.2,SIGNATURE PRESENT
p4_dekan.png,PRESENT,adaptive,29790,0.0934,3,0.901,0.996,145.9,SIGNATURE PRESENT
p4_rektor.png,PRESENT,adaptive,10036,0.0421,2,0.878,0.696,170.2,SIGNATURE PRESENT
p5_dekan.png,PRESENT,adaptive,33749,0.1058,8,0.901,0.949,91.6,SIGNATURE PRESENT
p5_rektor.png,PRESENT,adaptive,11918,0.05,2,0.88,0.68,108.4,SIGNATURE PRESENT
p6_dekan.png,PRESENT,adaptive,30818,0.0966,5,0.901,0.951,117.1,SIGNATURE PRESENT
p6_rektor.png,PRESENT,adaptive,10455,0.0438,2,0.878,0.691,137.8,SIGNATURE PRESENT
p7_dekan.png,PRESENT,adaptive,29565,0.0927,3,0.901,0.996,127.5,SIGNATURE PRESENT
p7_rektor.png,PRESENT,adaptive,9977,0.0418,2,0.878,0.695,149.1,SIGNATURE PRESENT
p8_dekan.png,PRESENT,adaptive,28868,0.0905,4,0.901,0.952,82.5,SIGNATURE PRESENT
p8_rektor.png,PRESENT,adaptive,9951,0.0417,2,0.878,0.693,96.6,SIGNATURE PRESENT
p1_blank_kanan_atas.png,ABSENT,adaptive,0,0.0,0,0.0,0.0,0.0,SIGNATURE ABSENT
p1_blank_kiri_atas.png,ABSENT,adaptive,0,0.0,0,0.0,0.0,0.0,SIGNATURE ABSENT
p1_dekan_inpaint.png,ABSENT,adaptive,0,0.0,0,0.0,0.0,0.0,SIGNATURE ABSENT
p1_rektor_inpaint.png,ABSENT,adaptive,0,0.0,0,0.0,0.0,0.0,SIGNATURE ABSENT
p1_text_isi.png,ABSENT,adaptive,30981,0.1307,40,0.894,0.068,65.0,SIGNATURE ABSENT
p1_text_nama_rektor.png,ABSENT,adaptive,17206,0.0715,37,0.988,0.116,55.1,SIGNATURE ABSENT
p2_blank_kanan_atas.png,ABSENT,adaptive,0,0.0,0,0.0,0.0,0.0,SIGNATURE ABSENT
p2_blank_kiri_atas.png,ABSENT,adaptive,0,0.0,0,0.0,0.0,0.0,SIGNATURE ABSENT
p2_dekan_inpaint.png,ABSENT,adaptive,159,0.0005,2,0.03,0.698,40.8,SIGNATURE ABSENT
p2_rektor_inpaint.png,ABSENT,adaptive,0,0.0,0,0.0,0.0,0.0,SIGNATURE ABSENT
p2_text_isi.png,ABSENT,adaptive,34359,0.145,36,0.896,0.088,127.5,SIGNATURE ABSENT
p2_text_nama_rektor.png,ABSENT,adaptive,19626,0.0816,33,1.0,0.122,104.4,SIGNATURE ABSENT
p3_blank_kanan_atas.png,ABSENT,adaptive,0,0.0,0,0.0,0.0,0.0,SIGNATURE ABSENT
p3_blank_kiri_atas.png,ABSENT,adaptive,0,0.0,0,0.0,0.0,0.0,SIGNATURE ABSENT
p3_dekan_inpaint.png,ABSENT,adaptive,52,0.0002,1,0.013,1.0,38.2,SIGNATURE ABSENT
p3_rektor_inpaint.png,ABSENT,adaptive,0,0.0,0,0.0,0.0,0.0,SIGNATURE ABSENT
p3_text_isi.png,ABSENT,adaptive,34673,0.1463,34,0.896,0.111,130.2,SIGNATURE ABSENT
p3_text_nama_rektor.png,ABSENT,adaptive,19865,0.0826,32,1.0,0.121,107.6,SIGNATURE ABSENT
p4_blank_kanan_atas.png,ABSENT,adaptive,0,0.0,0,0.0,0.0,0.0,SIGNATURE ABSENT
p4_blank_kiri_atas.png,ABSENT,adaptive,0,0.0,0,0.0,0.0,0.0,SIGNATURE ABSENT
p4_dekan_inpaint.png,ABSENT,adaptive,103,0.0003,2,0.032,0.612,39.5,SIGNATURE ABSENT
p4_rektor_inpaint.png,ABSENT,adaptive,0,0.0,0,0.0,0.0,0.0,SIGNATURE ABSENT
p4_text_isi.png,ABSENT,adaptive,35248,0.1487,34,0.896,0.112,152.4,SIGNATURE ABSENT
p4_text_nama_rektor.png,ABSENT,adaptive,20137,0.0837,33,1.0,0.121,126.4,SIGNATURE ABSENT
p5_blank_kanan_atas.png,ABSENT,adaptive,0,0.0,0,0.0,0.0,0.0,SIGNATURE ABSENT
p5_blank_kiri_atas.png,ABSENT,adaptive,0,0.0,0,0.0,0.0,0.0,SIGNATURE ABSENT
p5_dekan_inpaint.png,ABSENT,adaptive,701,0.0022,4,0.446,0.645,33.0,SIGNATURE ABSENT
p5_rektor_inpaint.png,ABSENT,adaptive,0,0.0,0,0.0,0.0,0.0,SIGNATURE ABSENT
p5_text_isi.png,ABSENT,adaptive,35984,0.1518,39,0.896,0.072,100.3,SIGNATURE ABSENT
p5_text_nama_rektor.png,ABSENT,adaptive,22530,0.0937,30,1.0,0.152,76.9,SIGNATURE ABSENT
p6_blank_kanan_atas.png,ABSENT,adaptive,0,0.0,0,0.0,0.0,0.0,SIGNATURE ABSENT
p6_blank_kiri_atas.png,ABSENT,adaptive,0,0.0,0,0.0,0.0,0.0,SIGNATURE ABSENT
p6_dekan_inpaint.png,ABSENT,adaptive,340,0.0011,4,0.257,0.429,35.7,SIGNATURE ABSENT
p6_rektor_inpaint.png,ABSENT,adaptive,0,0.0,0,0.0,0.0,0.0,SIGNATURE ABSENT
p6_text_isi.png,ABSENT,adaptive,35591,0.1502,35,0.896,0.111,123.3,SIGNATURE ABSENT
p6_text_nama_rektor.png,ABSENT,adaptive,20970,0.0872,29,1.0,0.12,99.8,SIGNATURE ABSENT
p7_blank_kanan_atas.png,ABSENT,adaptive,0,0.0,0,0.0,0.0,0.0,SIGNATURE ABSENT
p7_blank_kiri_atas.png,ABSENT,adaptive,0,0.0,0,0.0,0.0,0.0,SIGNATURE ABSENT
p7_dekan_inpaint.png,ABSENT,adaptive,0,0.0,0,0.0,0.0,0.0,SIGNATURE ABSENT
p7_rektor_inpaint.png,ABSENT,adaptive,0,0.0,0,0.0,0.0,0.0,SIGNATURE ABSENT
p7_text_isi.png,ABSENT,adaptive,34855,0.1471,35,0.896,0.111,133.5,SIGNATURE ABSENT
p7_text_nama_rektor.png,ABSENT,adaptive,20001,0.0832,32,1.0,0.157,110.1,SIGNATURE ABSENT
p8_blank_kanan_atas.png,ABSENT,adaptive,0,0.0,0,0.0,0.0,0.0,SIGNATURE ABSENT
p8_blank_kiri_atas.png,ABSENT,adaptive,0,0.0,0,0.0,0.0,0.0,SIGNATURE ABSENT
p8_dekan_inpaint.png,ABSENT,adaptive,118,0.0004,2,0.029,0.653,24.6,SIGNATURE ABSENT
p8_rektor_inpaint.png,ABSENT,adaptive,0,0.0,0,0.0,0.0,0.0,SIGNATURE ABSENT
p8_text_isi.png,ABSENT,adaptive,32986,0.1392,39,0.896,0.069,87.4,SIGNATURE ABSENT
p8_text_nama_rektor.png,ABSENT,adaptive,19266,0.0801,35,1.0,0.12,70.7,SIGNATURE ABSENT
